"auction_id","category_id","title","description"
108967818,2084193568,"NEC VersaPro VA10JDFZADFE 等用　LANカード"," NEC VersaPro VA10JDFZADFE 等用　LANカード。正常動作品です（Windows-XPにて動作品）。中古です。EN2240-J1。定形外でも送れます。こちらのオークションは、おまかせ君を利用して出品されました。 "
109905668,2084193592,"東芝　Sattelite SA150C/4 等用 ヒートシンクファン %"," 東芝　Sattelite SA150C/4 等用 ヒートシンクファン%。正常動作品です。音は少し大きめです。中古です。定形外でも送れます。こちらのオークションは、おまかせ君を利用して出品されました。 "
117639202,2084193595,"新品★Cisco・シスコドキュメント・CCNA・CCNP・CCDA・CCIE"," シスコの日本語ドキュメントDVDです。発送はクロネコメール便で発送いたします。複数枚希望の場合は対応いたします。送料と振込み手数料は落札様でご負担願います。 "
118171400,2084307170,"MT6826j,MT6827ｊ,MT6229J,ML6022j修理用内臓電池/MT6826J-bkbt","  resubmitted by げっこ試用版 (C)Doroco Soft Gateway MT6826j,MT6827J,MT6229J、ML6022j用 商品情報Gateway MT6826jから外した物です。動作確認済み、正常品です。詳細は写真からご参考ください。この機種のその他の部品も出品しています。下記のところをクリックしてください。　DVD-R/RW,マザー、キーボード、タッチパッド、バッテリー、無線Lan、液晶、液晶ケーブル、インバーター、螺子なども出品しています。対応機種：推測ですが、必ず自分の機種を分解して形状をよく確認して判断して下さいGateway MT6826j,MTシリーズMT6827J,ML6022jMT6229JMT6832J発送方法：　　　　　　　　　　・2種類あり、返信時教えてください。・①宅急便で発送し、送料全国同じ1000円です。時間指定可能。　　　　　　　つまり　お支払金額は（落札金額＋梱包送料１000円）です。　②・クロネコメール便で発送すれば、送料300円です。　　　　　　　しかし、郵送途中の破損・紛失が保証しないので、ご了承ください。　　　　　　　つまり　お支払金額は（落札金額＋梱包送料300円）です・　振込手数料は落札者負担お願いします。取付（交換）依頼：・交換により故障が起こった場合に、自己責任です。交換作業は必ず注意下さい。・交換経験がない人はPC本体のみを私の処に送って、私から交換して返送します。・交換手数料は5００0円です。・また往復送料は落札者負担、交換時外したあなたの部件を返送しないので、ご了承下さい。保証について不良があれば、商品到着後3日間以内に連絡をいただけましたら、交換・返品します。但し、申し訳ありませんが、返品時理由原因と関係なく、送料を落札者負担します。返金は（落札金額‐振込手数料３１５円）のみです。 支払方法　　・　銀行振込：銀行・　Yahoo!かんたん決済 ・　振込手数料は落札様負担でお願いします。・　送り先の人の名義での振込みを確認してから、返信後、１―２日内発送します。注意事項（必ずお読みになって下さい）・　中古品のため、筐体にキズや汚れ等の使用感があります。・ いたずら入札が多発しておりますので　新規の方、悪い評価の多い方は、入札を取り消しさせて頂く場合がありますことをご了承下さい。・ 落札後3日以内にご連絡の無い場合はキャンセルとさせて頂きます。この場合、ヤフーより評価が非常に悪いと評価されますのでご注意下さい。　 -------------------------- 上記の内容をご了承の上ご入札ください ------------------------------------- "
118460134,2084307175,"HP Xe3 F2377K 等用　キーボード"," HP Xe3 F2377K 等用　キーボード。正常動作品（Windows-XPにて動作品）です。中古です。MP-99880J0-69。テカリ有りますが文字消えは有りません。ゆうぱっく着払い、又は定形外（普通郵便、落札者合意）でも送れます。こちらのオークションは、おまかせ君を利用して出品されました。 "
119659512,2084193591,"東芝　EX1/524CWE　等用　LANコネクター"," 東芝　EX1/524CWE　等用　LANコネクター。正常動作品（Windows-XPにて動作品）です。中古です。定型外（普通郵便）（落札者合意）でも送れます。こちらのオークションは、おまかせ君を利用して出品されました。 "
122544151,2084193592,"東芝　Dynabook T4/410PME 等用　スイッチパネル"," 東芝　Dynabook T4/410PME 等用　スイッチパネル。中古です。定型外（普通郵便）（落札者合意）でも送れます。こちらのオークションは、おまかせ君を利用して出品されました。 "
122963375,2084193569,"NEC Lavie LL7703D 等用　サウンドカードとスピーカー"," NEC Lavie LL7703D 等用　サウンドカードとスピーカー。正常動作品（Windows-XPにて動作品）です。中古です。定型外（普通郵便）（落札者合意）でも送れます。こちらのオークションは、おまかせ君を利用して出品されました。 "
123602981,2084307175,"HP Xe3 F3462W 用 下半身　動作確認品"," HP Xe3 F3462W 用 下半身　動作確認品。正常動作品（Windows-XPにて動作品）です。中古です。下部ケースにマザーボード、CPU（C-1.06G）、PCカードユニット、全部保障では有りませんがネジ等が付属しますがその他（ヒートシンクファン、ＦＤ，それ以外もほとんど）は付属しません。写真をよく見るか質問してから入札ください。ゆうぱっく着払い（元払いも対処）で送ります。こちらのオークションは、おまかせ君を利用して出品されました。 "
123752117,2084307195,"GN37JT,GN75JT,GN73JT,GN33JT,GN35JT用電源スイッチ/gn37jt-ps2"," GN37JT,GN75JT,GN73JT,GN33JT,GN35JT,FLORA 220W NC3,NC4,NC1,NC2入札する前に、当方の「自己紹介」をよく読んで下さい。商品状況：Prius Gear GN37JTから外したものですが、動作確認済み。正常品です。この機種のその他の部品も出品しています。下記のところをクリックしてください。　DVD-R/RW,マザー、キーボード、タッチパッド、バッテリー、無線Lan、液晶、液晶ケーブル、インバーター、螺子なども出品しています。対応機種：(推測ですが、自分で判断して下さい）Prius Gear J　シリーズGN37JT,　GN75JT,GN73JT、GN33JT、GN35JTFLORA 220W NC1,NC2,NC3,NC4シリーズ Prius Gear GN33M Prius Gear GN73L Prius Gear K シリーズ GN75KT,GN33K発送方法：　　　　　　　　2種類あり、返信時教えてください。・　宅急便で発送し、送料全国同じ1000円です。時間指定可能。　　　　　　　つまり　お支払金額は（落札金額＋梱包送料１00０円）です。・クロネコメール便で発送すれば、送料300円です。　　　　　　　しかし、郵送途中の破損・紛失が保証しないので、ご了承ください。　　　　　　　つまり　お支払金額は（落札金額）＋梱包送料300円です。・　振込手数料は落札者負担お願いします。・　送り先の人の名義での振込みを確認してから、返信後、１―２日内発送します　　　　　取付（交換）依頼（不在の時がある為交換に時間を掛かる場合があります）：・交換により故障が起こった場合に、自己責任です。交換作業は必ず注意下さい。・交換経験がない人はPC本体のみを私の処に送って、私から交換して返送します。・交換手数料は5000円です。・また往復送料は落札者負担、交換時外したあなたの部件を返送しないので、ご了承下さい。保証について自分で交換（取付）を行った場合、故障原因の判断は難しい為保証はしませんのでノークレームノーリターンで御願いします。私で交換（取り付け）だ場合不良があれば不良があれば、商品到着後3日間以内に連絡をいただけましたら、交換・返品します。但し、申し訳ありませんが、返品時送料をご負担願います。返金は（落札金額‐振込手数料３１５円）のみです。支払方法　　・　銀行振込：銀行・　Yahoo!かんたん決済 ・　振込手数料は落札様負担でお願いします。・　送り先の人の名義での振込みを確認してから、返信後、１―２日内発送します。注意事項（必ずお読みになって下さい）・　中古品のため、筐体にキズや汚れ等の使用感があります。・ いたずら入札が多発しておりますので　新規の方、悪い評価の多い方は、入札を取り消しさせて頂く場合がありますことをご了承下さい。・ 落札後3日以内にご連絡の無い場合はキャンセルとさせて頂きます。この場合、ヤフーより評価が非常に悪いと評価されますのでご注意下さい。　 -------------------------- 上記の内容をご了承の上ご入札ください ------------------------------------- "
125183750,2084307196,"日立Prius PN321Y　等用 ヒートシンクファン"," 日立Prius PN321Y　等用 ヒートシンクファン。正常動作品（Windows-XPにて動作確認品）です。中古です。音は普通程度です。ゆうぱっく元払い（着払いでも対処）で送ります。定型外（普通郵便）（落札者合意）でも送れます。こちらのオークションは、おまかせ君を利用して出品されました。 "
125477160,2084307194,"HITACHI リチウムイオン充電池　PC-AB4900(日本製)"," HITACHI  リチウムイオン充電池　PC-AB4900(日本製)商品説明HITACHI  リチウムイオン充電池　PC-AB4900(日本製)■電圧：7.2V ■容量：1200mAh ■適合機種 Prius note 210と思われますが、入札前にお客様ご自身でご確認ください。 注意事項中古品のため、表面に細かい傷があります。ノークレームノーリターンでお願いいたします。格安で出品していますが、動作確認はできていないので、短寿命や使用不可能の物になった場合、代金の返金と商品の返品はできません。また、充電池ですので、発熱、発火、爆発のリスクがあります。該商品による発火、爆発などの事故責任は一切免責としますので、入札前に十分ご検討くださいますよう、ご承知した上で、入札してください。落札金額＋配送手数料(送料、輸送料、手数料、梱包など)をお願いします。 発送詳細この商品の配送手数料は全国480円です。梱包はビニール簡易梱包です。支払方法■銀行振込 ■Yahoo!かんたん決済 この案内は出品支援ツール ■@即売くん3.77■ で作成されています。こちらのオークションは、おまかせ君を利用して出品されました。 "
125598019,2084193592,"東芝Dynabook E7/418CMH　等用　LED基盤"," 東芝Dynabook E7/418CMH　等用　LED基盤。正常動作品（Windows-XPにて動作確認品）です。中古です。定型外（普通郵便）（落札者合意）でも送れます。こちらのオークションは、おまかせ君を利用して出品されました。 "
125805397,2084193593,"東芝Dynabook C7/212CMHN　等用　ヒンジカバー"," 東芝Dynabook C7/212CMHN　等用　ヒンジカバー。中古です。定型外（普通郵便）（落札者合意）でも送れます。こちらのオークションは、おまかせ君を利用して出品されました。 "
126785925,2084193591,"東芝　Dynabook VX/670LS 等用　液晶ケーブル"," 東芝　Dynabook VX/670LS 等用　液晶ケーブル。正常動作品（Windows-XPにて動作確認品）です。中古です。B154EW01のパネルに付いていました。定型外（普通郵便）（落札者合意）でも送れます。こちらのオークションは、おまかせ君を利用して出品されました。 "
126960776,2084193574,"PC-MW60LZ,MW50J,PC-MW70J修理交換用メモリーカバー/MW60L-mcov","  resubmitted by げっこ試用版 (C)Doroco Soft PC-MW60LZ,MW50J,PC-MW70J,MW60LB,WA80LZシリーズ用入札する前に、当方の「自己紹介」をよく読んで下さい。商品状況：PC-MW60LZから外したものですが,動作確認済み、正常品です。写真を参照下さい。この機種のその他の部品（下記）も出品しています。（下記のところをクリックして下さい）(マザー、液晶、DVD-R/RW,キーボード、タッチパッド、バッテリー、液晶ケーブル、液晶インバーター、液晶カバー、HDマウンダー、CPUファン、CPU,ヒンジカバー、電源スイッチ、AC,螺子、スピーカ、無線Lanなど）対応機種：(推測ですが、自分で判断して下さい）PC-MW70J,PC-MW50J,PC-MW50DSPC-MW60LB,PC-MW60LZ,発送方法：　　　　　　　　2種類あり、落札後ご連絡してください。　　　・　宅急便で発送し、送料全国同じ1000円です。時間指定可能。　　　　　　　つまり　お支払金額は（落札金額＋梱包送料１０0０円）です。・クロネコメール便で発送すれば、送料300円です。　　　　　　　しかし、郵送途中の破損・紛失が保証しないので、ご了承ください。　　　　　　　つまり　お支払金額は（落札金額＋梱包送料300円）です・　振込手数料は落札者負担お願いします。・　送り先の人の名義での振込みを確認してから、返信後、１-２日内発送します。　　取付（交換）依頼（不在の時がある為交換に時間を掛かる場合があります）：・交換により故障が起こった場合に、自己責任です。交換作業は必ず注意下さい。・交換経験がない人はPC本体のみを私の処に送って、私から交換して返送します。・交換手数料は5000円です。・また往復送料は落札者負担、交換時外したあなたの部件を返送しないので、ご了承下さい。保証について自分で交換（取付）を行った場合、故障原因の判断は難しい為保証はしませんのでノークレームノーリターンで御願いします。私で交換（取り付け）だ場合不良があれば不良があれば、商品到着後3日間以内に連絡をいただけましたら、交換・返品します。但し、申し訳ありませんが、返品時送料をご負担願います。返金は（落札金額‐振込手数料３１５円）のみです。支払方法　　・　銀行振込：銀行・　Yahoo!かんたん決済 ・　振込手数料は落札様負担でお願いします。・　送り先の人の名義での振込みを確認してから、返信後、１―２日内発送します。注意事項（必ずお読みになって下さい）・　中古品のため、筐体にキズや汚れ等の使用感があります。・ いたずら入札が多発しておりますので　新規の方、悪い評価の多い方は、入札を取り消しさせて頂く場合がありますことをご了承下さい。・ 落札後3日以内にご連絡の無い場合はキャンセルとさせて頂きます。この場合、ヤフーより評価が非常に悪いと評価されますのでご注意下さい。　 -------------------------- 上記の内容をご了承の上ご入札ください ------------------------------------- "
127004784,2084193578,"SONY Vaio NV55/BP 等用　サウンドカード"," SONY Vaio NV55/BP 等用　サウンドカード、メモリースティックリーダー。正常動作品（Windows-XPにて動作確認品）です。中古です。定型外（普通郵便）（落札者合意）でも送れます。こちらのオークションは、おまかせ君を利用して出品されました。 "
127004826,2084193578,"SONY Vaio NV55/BP 等用　バッテリ、電源コントロールカード"," SONY Vaio NV55/BP 等用　バッテリ、電源コントロールカード。正常動作品（Windows-XPにて動作確認品）です。中古です。定型外（普通郵便）（落札者合意）でも送れます。こちらのオークションは、おまかせ君を利用して出品されました。 "
127004872,2084193578,"SONY Vaio NV55/BP 等用　液晶用ケーブル"," SONY Vaio NV55/BP 等用　液晶用ケーブル。正常動作品（Windows-XPにて動作確認品）です。中古です。LTM15C503のパネルに付いていました。定型外（普通郵便）（落札者合意）でも送れます。こちらのオークションは、おまかせ君を利用して出品されました。 "
127233555,2084193592,"東芝Dynabook AX1/424CME　等用　液晶ケースのみ表裏"," 東芝Dynabook AX1/424CME　等用　液晶ケースのみ表裏。ケースのみですので中身のパネル、ケーブル、インバーター等は付いていません。カバーラッチは付いています。汚れ、キズ等あります。特に天板に比較的大きな傷等有ります。写真をよく見るか質問してから入札願います。ゆうぱっく元払い（着払いでも対処）で送ります。定型外（普通郵便）（落札者合意）でも送れます。こちらのオークションは、おまかせ君を利用して出品されました。 "
127988996,2084193569,"NEC Lavie LL5004D 等用　スイッチ基盤　&"," NEC Lavie LL5004D 等用　スイッチ基盤　&。正常動作品（Windows-XPにて動作確認品）です。中古です。定型外（普通郵便）（落札者合意）でも送れます。こちらのオークションは、おまかせ君を利用して出品されました。 "
128766031,2084193592,"東芝Dynabook A9/422CME 等用　液晶用ケーブル"," 東芝Dynabook A9/422CME 等用　液晶用ケーブル。正常動作品（Windows-XPにて動作確認品）です。中古です。LTN14XF-L02のパネルに付いていました。定型外（普通郵便）（落札者合意）でも送れます。こちらのオークションは、おまかせ君を利用して出品されました。 "
128782256,2084307186,"SOTEC Winbook WE2100C5　等用　パームレスト #"," SOTEC Winbook WE2100C5　等用　パームレスト #。タッチパット付です。正常動作品（Windows-XPにて動作確認品）です。中古です。細かいキズ、汚れ等有ります。写真をよく見るか質問してから入札願います。ゆうぱっく元払い（着払いでも対処）で送ります。こちらのオークションは、おまかせ君を利用して出品されました。 "
129877705,2084193569,"NEC Lavie LL5504D 等用　スイッチパネル　#"," NEC Lavie LL5504D 等用　スイッチパネル　#。中古です。定型外（普通郵便）（落札者合意）でも送れます。こちらのオークションは、おまかせ君を利用して出品されました。 "
129968860,2084193592,"東芝　Dynabook A8/420CME 等用　パームレスト#"," 東芝　Dynabook A8/420CME 等用　パームレスト#。タッチパット、スピーカー等何も付属していません。細かいキズ、汚れ等有ります。写真をよく見るか質問してから入札願います。ゆうぱっく元払い（着払いでも対処）で送ります。こちらのオークションは、おまかせ君を利用して出品されました。 "
130263422,2084193569,"NEC Versapro VY12MEXJAEUM 等用　コネクター爪２種"," NEC Versapro VY12MEXJAEUM 等用　コネクター爪２種。中古です。マザーボードのキーボード、タッチパット用のコネクターのおさえ用爪です。定型外（普通郵便）（落札者合意）でも送れます。こちらのオークションは、おまかせ君を利用して出品されました。 "
130621466,2084307185,"SOTEC Winbook WD334 等用　裏フタ３種 %"," SOTEC Winbook WD334 等用　裏フタ３種 %。中古です。定型外（普通郵便）（落札者合意）でも送れます。こちらのオークションは、おまかせ君を利用して出品されました。 "
130621668,2084193575,"シャープ Mebius PM3-1DC 等用　液晶部インバーター　③"," シャープ Mebius PM3-1DC 等用　液晶部インバーター　③。正常動作品（Windows-XPにて動作確認品）です。中古です。TOKIN S103-B001-Z1-1。ゆうぱっく元払い（着払いでも対処）で送ります。定型外（普通郵便）（落札者合意）でも送れます。こちらのオークションは、おまかせ君を利用して出品されました。 "
132133929,2084193578,"SONY VAIO GRS50/B　等用　 液晶部ケーブル %"," SONY VAIO GRS50/B　等用　 液晶部ケーブル %。正常動作品（Windows-XPにて動作確認品）です。中古です。TX38D83VC1CAAのパネルに付いていました。定型外（普通郵便）（落札者合意）でも送れます。こちらのオークションは、おまかせ君を利用して出品されました。 "
132566497,2084307185,"SOTEC Winbook WE292　等用　サウンドカード、スピーカー"," SOTEC Winbook WE292　等用　サウンドカード、スピーカー。正常動作品（Windows-XPにて動作確認品）です。中古です。定型外（普通郵便）（落札者合意）でも送れます。こちらのオークションは、おまかせ君を利用して出品されました。 "
132966815,2084307185,"SOTEC Winbook WA2240 等用　ドライブマウンターとコネクター #"," SOTEC Winbook WA2240 等用　ドライブマウンターとコネクター #。正常動作品（Windows-XPにて動作確認品）です。中古です。UJDA760用のフロントベゼル付き。定型外（普通郵便）（落札者合意）でも送れます。こちらのオークションは、おまかせ君を利用して出品されました。 "
133179897,2084193568,"NEC Versapro VA18SAFEH 等用　ヒンジ左右"," NEC Versapro VA18SAFEH 等用　ヒンジ左右。中古です。硬さ普通です。定型外（普通郵便）（落札者合意）でも送れます。こちらのオークションは、おまかせ君を利用して出品されました。 "
133411337,2084307183,"SOTEC Winbook WL2120 等用　HDマウンター %"," SOTEC Winbook WL2120 等用　HDマウンター %。中古です。定型外（普通郵便）（落札者合意）でも送れます。こちらのオークションは、おまかせ君を利用して出品されました。 "
133786283,2084193592,"東芝　Dynabook A8/420CME 等用　タッチパット部"," 東芝　Dynabook  A8/420CME 等用　タッチパット部。正常動作品（Windows-XPにて動作確認品）です。中古です。定型外（普通郵便）（落札者合意）でも送れます。こちらのオークションは、おまかせ君を利用して出品されました。 "
134108340,2084307183,"SOTEC Winbook WM333B 等用　液晶部ケーブル"," SOTEC Winbook WM333B 等用　液晶部ケーブル。インバーター側ケーブルは付属しません。正常動作品（Windows-XPにて動作確認品）です。中古です。CLAA121WA01Aのパネルに付いていました。定型外（普通郵便）（落札者合意）でも送れます。こちらのオークションは、おまかせ君を利用して出品されました。 "
134611490,2084307186,"SOTEC Winbook WA334B 等用　ヒートシンクファン"," SOTEC Winbook WA334B 等用　ヒートシンクファン。正常動作品（Windows-XPにて動作確認品）です。中古です。音は普通程度です。ゆうぱっく元払い（着払いでも対処）で送ります。定型外（普通郵便）（落札者合意）でも送れます。こちらのオークションは、おまかせ君を利用して出品されました。 "
134700048,2084193601,"東芝　Dynabook A8/420CME 等用　キーボード %"," 東芝　Dynabook A8/420CME 等用　キーボード %。正常動作品（Windows-XPにて動作確認品）です。中古です。G83C0001K410 N860.7630.T052。テカリが多めです。文字消えは有りません。ゆうぱっく元払い（着払いでも対処）で送ります。定型外（普通郵便）（落札者合意）でも送れます。こちらのオークションは、おまかせ君を利用して出品されました。 "
134700090,2084193601,"東芝　Dynabook A8/420CME 等用　液晶部カバーラッチ %"," 東芝　Dynabook A8/420CME 等用　液晶部カバーラッチ %。中古です。定型外（普通郵便）（落札者合意）でも送れます。こちらのオークションは、おまかせ君を利用して出品されました。 "
134835653,2084193578,"SONY VAIO VGN-K50B　等用　バッテリー等コントロールカード　#"," SONY VAIO VGN-K50B　等用　バッテリー等コントロールカード　#。正常動作品（Windows-XPにて動作確認品）です。中古です。定型外（普通郵便）（落札者合意）でも送れます。こちらのオークションは、おまかせ君を利用して出品されました。 "
135209501,2084193592,"東芝　Dynabook A8/420CME 等用　スイッチパネル #"," 東芝　Dynabook A8/420CME 等用　スイッチパネル #。中古です。定型外（普通郵便）（落札者合意）でも送れます。こちらのオークションは、おまかせ君を利用して出品されました。 "
135578771,2084193578,"管619　PCG-GRT55E/B　液晶フレキケーブル"," 動作確認済みです。問題無くご使用頂けます。動作の不備は到着後1週間以内にお願いします。■発送詳細①ヤマトメール便164円 ※運搬補償がございませんので宅配便での発送をお勧め致します。 &nbsp;※＋103円で速達便に変更可②宅配便 60サイズヤマト運輸、佐川急便のみ対応可能です。料金一覧1512円 北海道1080円 青森県 秋田県 岩手県972円 宮城県 山形県 福島県864円 茨城県 栃木県 群馬県 埼玉県 千葉県 神奈川県 東京都 山梨県864円 新潟県 長野県756円 静岡県 愛知県 三重県 岐阜県756円 富山県 石川県 福井県756円 大阪府 京都府 滋賀県 奈良県 和歌山県 兵庫県756円 岡山県 広島県 山口県 鳥取県 島根県864円 香川県 徳島県 愛媛県 高知県864円 福岡県 佐賀県 長崎県 熊本県 大分県 宮崎県 鹿児島県1296円 沖縄県&nbsp;  "
135859299,2084307183,"SOTEC WinBook WL2130C 等用　コンボドライブ"," SOTEC WinBook WL2130C 等用　コンボドライブ。正常動作品（Windows-XPにて動作確認品）です。中古です。UJDA730 DVD-ROM/CDRW。ゆうぱっく元払い（着払いでも対処）で送ります。定型外（普通郵便）（落札者合意）でも送れます。こちらのオークションは、おまかせ君を利用して出品されました。 "
135859457,2084193575,"シャープ Mebius PM3-1DC 等用　液晶部インバーター　①"," シャープ Mebius PM3-1DC 等用　液晶部インバーター　①。正常動作品（Windows-XPにて動作確認品）です。中古です。TOKIN S103-B001-Z1-1。ゆうぱっく元払い（着払いでも対処）で送ります。定型外（普通郵便）（落札者合意）でも送れます。こちらのオークションは、おまかせ君を利用して出品されました。 "
136527158,2084307183,"SOTEC e-three HAシリーズ　等用　液晶部カバーラッチ"," SOTEC e-three HAシリーズ　等用　液晶部カバーラッチ。中古です。定型外（普通郵便）（落札者合意）でも送れます。こちらのオークションは、おまかせ君を利用して出品されました。 "
136868417,2084307185,"SOTEC Winbook WA2320C4B 等用　コンボドライブ"," SOTEC Winbook WA2320C4B 等用　コンボドライブ。正常動作品（Windows-XPにて動作確認品）です。中古です。正常動作品（Windows-XPにて動作確認品）です。中古です。 UJDA760 DVD-ROM/CDRW。ゆうぱっく元払い（着払いでも対処）で送ります。定型外（普通郵便）（落札者合意）でも送れます。こちらのオークションは、おまかせ君を利用して出品されました。 "
136918338,2084307183,"SOTEC Afina AL7180A 等用 スピーカー"," SOTEC Afina AL7180A 等用 スピーカー。正常動作品（Windows-XPにて動作確認品）です。中古です。定型外（普通郵便）（落札者合意）でも送れます。こちらのオークションは、おまかせ君を利用して出品されました。 "
136918440,2084307183,"SOTEC WinBook WL2130 等用　液晶部カバーラッチ ①"," SOTEC WinBook  WL2130 等用　液晶部カバーラッチ ①。中古です。定型外（普通郵便）（落札者合意）でも送れます。こちらのオークションは、おまかせ君を利用して出品されました。 "
138047576,2084193572,"シャープ　Mebius GP1-C7H 等用　液晶部ヒンジ左右 &"," シャープ　Mebius GP1-C7H 等用　液晶部ヒンジ左右 &。中古です。硬さ正常です。定型外（普通郵便）（落札者合意）でも送れます。こちらのオークションは、おまかせ君を利用して出品されました。 "
139819859,2084193595,"【ThinkPad】 A21m/A21pのRJ45/11コネクタ・アセンブリー"," 【ThinkPad】 A21m/A21pのRJ45/11コネクタ・アセンブリ商品説明ThinkPad A21m（2628,2633）、A21p（2629)のRJ45(10Base-T)とRJ11(電話回線）モジュラジャック（ポート）とミニPCI・コンポカードを接続するFPCのアセンブリーIBM P/N：27L0608FRU：27L0645RJ45とRJ11モジュラージャックを本体リアパネルに固定するビズｘ１個が付属します。中古－正常動作品　　　　　ThinkPad　A21m（TYPE2628-F1J）からの取り外し品 送料－１２０円（定形外郵便）送付方法定形外郵便支払方法Yahoo!かんたん決済（詳細）、ゆうちょ銀行、ジャパンネット銀行、楽天銀行、三菱東京UFJ銀行、切手この商品説明は&nbsp;オークファン出品テンプレート集&nbsp;で作成されています。（ヤフオク専用）Powered by aucfan.com "
140116869,2084307186,"SOTEC Winbook WV760B　等用　パームレスト #"," SOTEC Winbook WV760B　等用　パームレスト #。正常動作品（Windows-XPにて動作確認品）です。中古です。パームレストにタッチパット部、スピーカー、スイッチ基盤部、LANコネクター部が付いています。汚れ、キズ等あります。写真をよく見るか質問してから入札願います。ゆうぱっく元払い（着払いでも対処）で送ります。こちらのオークションは、おまかせ君を利用して出品されました。 "
140118289,2084193569,"NEC Lavie LL5005D 等用 液晶部カバーラッチ"," NEC Lavie LL5005D 等用 液晶部カバーラッチ。中古です。定型外（普通郵便）（落札者合意）でも送れます。こちらのオークションは、おまかせ君を利用して出品されました。 "
140334085,2084193591,"東芝　EX1/524CMEK　等用　電源コネクター"," 東芝　EX1/524CMEK　等用　電源コネクター。正常動作品（Windows-XPにて動作確認品）です。中古です。定型外（普通郵便）（落札者合意）でも送れます。こちらのオークションは、おまかせ君を利用して出品されました。 "
140973241,2084193578,"SONY VAIO GRS-72V/P 等用　液晶部ケーブル"," SONY VAIO GRS-72V/P 等用　液晶部ケーブル。正常動作品（Windows-XPにて動作確認品）です。中古です。LQ150X1LS94のパネルに付いていました。定型外（普通郵便）（落札者合意）でも送れます。こちらのオークションは、おまかせ君を利用して出品されました。 "
141610390,2084193572,"シャープMebius WE40V 等用　液晶部ヒンジ左右"," シャープMebius WE40V 等用　液晶部ヒンジ左右。中古です。硬さ正常です。定型外（普通郵便）（落札者合意）でも送れます。こちらのオークションは、おまかせ君を利用して出品されました。 "
141610408,2084193572,"シャープMebius WE40V 等用　裏ふた"," シャープMebius WE40V 等用　裏ふた。中古です。写真をよく見るか質問してから入札願います。定型外（普通郵便）（落札者合意）でも送れます。こちらのオークションは、おまかせ君を利用して出品されました。 "
141827862,2084307193,"★日立 FLORA270W NW6 / FLORA_H0025 リカバリーCD 4枚組み"," ■□ ★日立 FLORA270W NW6 / FLORA_H0025 リカバリーCD 4枚組み □■商品説明注意事項発送詳細支払方法● 日立 FLORA270W NW6 リカバリーCD 4枚組みです。● 日立 FLORA_H0025 リカバリーCD 4枚組みです。● この機種は、本体にプロダクトが添付されているタイプです。　　CDにはプロダクトIDは付属致しません。● 対応OS：Windows2000※この商品に関するマニアルは　HITACHI FLORA270W NW6　を参照下さい。商品説明注意事項発送詳細支払方法・新品の未使用品となります。・再セットアップのサポート等はご遠慮下さい。・使用方法に付きましては、マニアル等を参照下さい。商品説明注意事項発送詳細支払方法■クロネコメール便 164円◆送料は落札者様がご負担下さい。◆他の発送方法にもご相談に応じます。商品説明注意事項発送詳細支払方法■銀行振込 　： ジャパンネット銀行　/ 三井住友銀行■Yahoo!かんたん決済 こちらの商品案内は 「■@即売くん3.86■」 で作成されました。 "
142147513,2084307183,"SOTEC Afina AL7180A 等用 パームレスト"," SOTEC Afina AL7180A 等用 パームレスト。タッチパット部、スピーカー、は付いていません。汚れ、キズ等あります（多め）。写真をよく見るか質問してから入札願います。定型外（普通郵便）（落札者合意）でも送れます。こちらのオークションは、おまかせ君を利用して出品されました。 "
142147611,2084307183,"SOTEC WinBook WL2130 等用　裏ふた２種 ①"," SOTEC WinBook  WL2130 等用　裏ふた２種 ①。中古です。定型外（普通郵便）（落札者合意）でも送れます。こちらのオークションは、おまかせ君を利用して出品されました。 "
142919721,2084193573,"シャープMebius CS30H 等用　液晶部ケースのみ表裏"," シャープMebius CS30H 等用　液晶部ケースのみ表裏。ケースのみですので中身はカバーラッチも含め何も付属しません。細かいキズ、汚れ等有ります。写真をよく見るか質問してから入札願います。ゆうぱっく元払い（着払いでも対処）で送ります。こちらのオークションは、おまかせ君を利用して出品されました。 "
143277511,2084193572,"シャープ　Mebius GP1-C7H 等用　メモリー部裏ふた &"," シャープ　Mebius GP1-C7H 等用　メモリー部裏ふた &。中古です。定型外（普通郵便）（落札者合意）でも送れます。こちらのオークションは、おまかせ君を利用して出品されました。 "
143482852,2084193572,"シャープMebius RD1-C1M 等用　ヒートシンクファン"," シャープMebius RD1-C1M 等用　ヒートシンクファン。正常動作品（Windows-XPにて動作確認品）です。中古です。音は普通程度です。ゆうぱっく元払いで送ります。こちらのオークションは、おまかせ君を利用して出品されました。 "
143568226,2084239900,"eMachines M5108 等用　液晶部ケースのみ表裏"," eMachines M5108 等用　液晶部ケースのみ表裏。ケースのみですので中身はカバーラッチも含め何も付属しません。中古です。汚れ、キズ等あります。写真をよく見るか質問してから入札願います。ゆうぱっく元払いで送ります。こちらのオークションは、おまかせ君を利用して出品されました。 "
143569136,2084239900,"eMachines M5106 等用　スイッチパネル"," eMachines M5106 等用　スイッチパネル。中古です。定型外（普通郵便）（落札者合意）でも送れます。こちらのオークションは、おまかせ君を利用して出品されました。 "
143605557,2084193573," Mebius 壊れる前に 大容量に ハードディスク交換いたします14","  Mebius 壊れる前に 大容量に ハードディスク交換いたします商品説明千葉県山武市のパソコン宅配修理、出張サポート、中古販売、サーバ構築の PCワークスです。8080,Z80の時代からのPC修理歴25年以上の技術者が、MS-DOS、CP/M から、VISTAまで、Linux、Solaris,FreeBSDなどのPCUnixなど、古いものから、新しいものまで、様々な機種、機器の修理、トラブル解決をいたします。ハードディスクを容量の大きいものにしたい。壊れる前に取り替えたい。そんなときはご相談ください。ハードディスクには設計寿命がございます。一般的なハードディスクですと、1日8時間使用で3年といわれております。突然壊れて、大切なデータを失うこともございます。そうなる前にデータの保存やハードディスク交換をお勧めします。交換技術料　　　　　　　　　　1980円ハードディスク代金　　　　　　 IDE  120Gで6000円程度　　　　　　　　　　　　　　　　　SATA 500Gで5500円程度　　　　　　　　　　　　　　　　　　　　　　　2010年12月現在システムおよびデータの移行　 2000円交換技術料は決して最安値ではありませんが、トータルでは大変お安くなっております。まずはお気軽にご質問ください。機種によっては交換が複雑なものもございます。(VAIO PCG-Z505、Panasonic CF-W2、CF-Rシリーズ、CF-Yシリーズなど)これらの機種は別料金となります。なお、部品の値段は常に変動しておりますので、お問い合わせください。移行元ハードディスクが正常な場合は、起動を含めすべての環境を移行いたします。ただし、ハードディスクが壊れてしまっている場合は、別料金となりますので、まずお問い合わせください。今回の出品は交換技術料のみのお値段で、部品代金は別料金となっております。落札いただいた後の作業のフロー郵送、持込、または出張修理をご選択ください。出張の場合には、作業料金以外に出張料金をいただきます。作業完了しましたら、詳しい状況のご説明をメール、写真などでできる限りいたします。郵送の場合は、入金確認の後、パソコンを返送させていただきます。出張の場合は、作業完了ご確認の後、現金にてお支払い願います。サポートは、1ヶ月以内の同一箇所の故障に限り無償でサポートさせていただきます。サポート期間がすぎた場合、故障箇所が異なる場合は、再度お見積もりにより、規定の料金を頂戴いたします。お客様の立場を尊重し、お客様のお役に立ちますよう精一杯努力いたしますので、是非ご用命ください。ご不明な点、ご質問等ございましたら、お気軽に”出品者への質問”にてお問い合わせください。マイブースもご覧ください。  注意事項返送は、ヤマト宅急便の割引価格となります。下記表をご参照ください。ご送付いただく際の運送会社は、お客様のお好みの会社で結構です。郵送の場合の梱包は、原則としてお客様が、ご送付くださったものを返送に再度使用いたします。従いまして、輸送事故のおきませんよう梱包願います。万が一の輸送事故に関しましては、弊社では責任を負いかねますので、運送会社にお問い合わせください。発送詳細■ヤマト宅急便 60サイズ[北海道] 960円 (北海道)[北東北] 640円 (青森、岩手、秋田)[南東北] 540円 (山形、宮城、福島)[ 関東 ] 540円 (茨城、栃木、群馬、埼玉、千葉、東京、神奈川、山梨)[ 信越 ] 540円 (新潟、長野)[ 中部 ] 540円 (静岡、愛知、岐阜、三重)[ 北陸 ] 540円 (富山、石川、福井)[ 関西 ] 640円 (滋賀、京都、大阪、兵庫、奈良、和歌山)[ 中国 ] 750円 (鳥取、岡山、島根、広島、山口)[ 四国 ] 850円 (香川、徳島、愛媛、高知)[ 九州 ] 960円 (福岡、佐賀、長崎、熊本、大分、宮崎、鹿児島)[ 沖縄 ] 1060円 (沖縄)■ヤマト宅急便 80サイズ[北海道] 1170円 (北海道)[北東北] 850円 (青森、岩手、秋田)[南東北] 750円 (山形、宮城、福島)[ 関東 ] 750円 (茨城、栃木、群馬、埼玉、千葉、東京、神奈川、山梨)[ 信越 ] 750円 (新潟、長野)[ 中部 ] 750円 (静岡、愛知、岐阜、三重)[ 北陸 ] 750円 (富山、石川、福井)[ 関西 ] 850円 (滋賀、京都、大阪、兵庫、奈良、和歌山)[ 中国 ] 960円 (鳥取、岡山、島根、広島、山口)[ 四国 ] 1060円 (香川、徳島、愛媛、高知)[ 九州 ] 1170円 (福岡、佐賀、長崎、熊本、大分、宮崎、鹿児島)[ 沖縄 ] 1590円 (沖縄)■ヤマト宅急便 100サイズ[北海道] 1380円 (北海道)[北東北] 1060円 (青森、岩手、秋田)[南東北] 960円 (山形、宮城、福島)[ 関東 ] 960円 (茨城、栃木、群馬、埼玉、千葉、東京、神奈川、山梨)[ 信越 ] 960円 (新潟、長野)[ 中部 ] 960円 (静岡、愛知、岐阜、三重)[ 北陸 ] 960円 (富山、石川、福井)[ 関西 ] 1060円 (滋賀、京都、大阪、兵庫、奈良、和歌山)[ 中国 ] 1170円 (鳥取、岡山、島根、広島、山口)[ 四国 ] 1270円 (香川、徳島、愛媛、高知)[ 九州 ] 1380円 (福岡、佐賀、長崎、熊本、大分、宮崎、鹿児島)[ 沖縄 ] 2110円 (沖縄)■ヤマト宅急便 120サイズ[北海道] 1590円 (北海道)[北東北] 1270円 (青森、岩手、秋田)[南東北] 1170円 (山形、宮城、福島)[ 関東 ] 1170円 (茨城、栃木、群馬、埼玉、千葉、東京、神奈川、山梨)[ 信越 ] 1170円 (新潟、長野)[ 中部 ] 1170円 (静岡、愛知、岐阜、三重)[ 北陸 ] 1170円 (富山、石川、福井)[ 関西 ] 1270円 (滋賀、京都、大阪、兵庫、奈良、和歌山)[ 中国 ] 1380円 (鳥取、岡山、島根、広島、山口)[ 四国 ] 1480円 (香川、徳島、愛媛、高知)[ 九州 ] 1590円 (福岡、佐賀、長崎、熊本、大分、宮崎、鹿児島)[ 沖縄 ] 2640円 (沖縄)■ヤマト宅急便 140サイズ[北海道] 1800円 (北海道)[北東北] 1480円 (青森、岩手、秋田)[南東北] 1380円 (山形、宮城、福島)[ 関東 ] 1380円 (茨城、栃木、群馬、埼玉、千葉、東京、神奈川、山梨)[ 信越 ] 1380円 (新潟、長野)[ 中部 ] 1380円 (静岡、愛知、岐阜、三重)[ 北陸 ] 1380円 (富山、石川、福井)[ 関西 ] 1480円 (滋賀、京都、大阪、兵庫、奈良、和歌山)[ 中国 ] 1590円 (鳥取、岡山、島根、広島、山口)[ 四国 ] 1690円 (香川、徳島、愛媛、高知)[ 九州 ] 1800円 (福岡、佐賀、長崎、熊本、大分、宮崎、鹿児島)[ 沖縄 ] 3160円 (沖縄)■ヤマト宅急便 160サイズ[北海道] 2010円 (北海道)[北東北] 1690円 (青森、岩手、秋田)[南東北] 1590円 (山形、宮城、福島)[ 関東 ] 1590円 (茨城、栃木、群馬、埼玉、千葉、東京、神奈川、山梨)[ 信越 ] 1590円 (新潟、長野)[ 中部 ] 1590円 (静岡、愛知、岐阜、三重)[ 北陸 ] 1590円 (富山、石川、福井)[ 関西 ] 1690円 (滋賀、京都、大阪、兵庫、奈良、和歌山)[ 中国 ] 1800円 (鳥取、岡山、島根、広島、山口)[ 四国 ] 1900円 (香川、徳島、愛媛、高知)[ 九州 ] 2010円 (福岡、佐賀、長崎、熊本、大分、宮崎、鹿児島)[ 沖縄 ] 3690円 (沖縄)支払方法■銀行振込 三菱東京UFJ銀行 新生銀行 イーバンク銀行 みずほ銀行  ■ゆうちょ銀行 ぱるる■代金引換 ■Yahoo!かんたん決済 こちらの商品案内は 「■@即売くん3.86■」 で作成されました。こちらのオークションは、おまかせ君を利用して出品されました。 "
143730434,2084307186,"SOTEC Winbook DN7030　等用　タッチパット部"," SOTEC Winbook DN7030　等用　タッチパット部。正常動作品（Windows-Vistaにて動作確認品）です。定型外（普通郵便）（落札者合意）でも送れます。こちらのオークションは、おまかせ君を利用して出品されました。 "
144409054,2084193569,"NEC Lavie LR7008E 等用　液晶部カバーラッチ"," NEC Lavie LR7008E 等用　液晶部カバーラッチ。中古です。定型外（普通郵便）（落札者合意）でも送れます。こちらのオークションは、おまかせ君を利用して出品されました。 "
145622188,2084193591,"東芝Dynabook E7/518CME 等用　ヒンジカバー %"," 東芝Dynabook E7/518CME 等用　ヒンジカバー %。中古です。定型外（普通郵便）（落札者合意）でも送れます。こちらのオークションは、おまかせ君を利用して出品されました。 "
146008819,2084193590,"東芝Qosmio G10/390LS 等用　タッチパット部"," 東芝Qosmio G10/390LS 等用　タッチパット部。写真のものです。正常動作品（Windows-XPにて動作確認品）です。中古です。定型外（普通郵便）（落札者合意）でも送れます。こちらのオークションは、おまかせ君を利用して出品されました。 "
146141185,2084193572,"★　SHARP/DELL/IBM/COMPAQ PC2100 256MBメモリ 相性保証 即決"," PK-UG-M036 PK-UG-M037 FMVNM25D FMVNM51D FMVNM25G1 FMVNM51G1 FMVNM1GG1 FMVNM25FFMVNM51F FMVNM1GF PCGA-MM256D PCGA-MM512D VGP-MM512G 10K0028 10K0030 10K0032269085-B25 269086-B25 269087-B25 DC389B DC390B PAME2561 タイプ1 PAME5121PAME1001 PAME128X タイプX PAME256X PAME512X★　SHARP/DELL/IBM/COMPAQ PC2100 256MBメモリ 相性保証 即決　★■SHARP/DELL/IBM/COMPAQなど各社ノートパソコン対応メモリです。　 規格は、PC2100 256MB 200PIN DDR S.O.DIMM となります。　 動作確認済み商品、写真はサンプルです。表示シールなどは写真と異なる場合がありますが、　 いずれも一流チップ搭載の高品質メモリをお届けいたします。（メモリ取付説明図付）■以下の対応表で本メモリの対応機種型番を必ずご確認下さい。　　（メモリ増設用の空きスロットがあるパソコンに装着して下さい。）■もし本メモリの対応機種型番で相性も含めて動作しない場合は、商品到着後２週間以内にご連絡頂き、　 送料分をご負担頂ければ、返品または無料交換に応じさせて頂きます。■確実にお取引頂ける方のみ、入札をお願いいたします。入札＝即決となります。■商品送料（ご希望の発送方法をお知らせ下さい。）・定形外普通郵便　120円　（ポスト投函での配達です。万一の不着事故には対応できません。）・クロネコメール便　160円 ／ クロネコメール便速達　260円　（配送状況が確認できる追跡番号をお知らせいたします。ポスト投函での配達です。）・レターパック５００　500円　（配送状況が確認できる追跡番号をお知らせいたします。配達員から手渡しでの配達です。）・その他、安全確実なヤマト宅急便、ゆうパックでも対応できます。　配送事故補償付、60サイズ持込割引料金での発送、お荷物配達時間帯の指定ができます。　（配送状況が確認できる追跡番号をお知らせいたします。配達員から手渡しでの配達です。）いずれの発送方法でも、できるだけ早くお手元にお届けできるよう迅速に対応させて頂き、静電気防止、衝撃防止、水濡れ防止に配慮し、エアキャップシートで保護して梱包発送いたします。■お支払い方法　 ジャパンネット銀行／楽天銀行／新生銀行／三井住友銀行／ゆうちょ銀行／Yahoo!かんたん決済【本メモリの対応機種型番】NECノートパソコンなどは、類似機種型番が多数あります。必ずパソコン本体底部の銘板等でご確認頂くようお願いいたします。下記は一例ですが、他にも多数対応しています。不明な場合はご質問下さい。      NEC      Lavie/Versa Pro　      富士通mckymg      FMV-BIBLO/LIFEBOOK      SONY VAIO      東芝      DynaBook/dynaBook SS/DynaBook Satellite/Qosmio/EQUIUM      SHARPmckymg      Mebius/MURAMASA          LC500/3DLC500/4DLC500/5DLC550/3DWLC700/3DLC700/4DLC700/5DLC700/6DLC770/5DLC900/3ELC900/4DLC900/5DLC950/4E LE300/6ALE500/6DLE500/7D LF550/4DLF550/5DLG10FJ/FLG10FJ/JLG12ML/YGLG13FV/DLG13FV/D-PLG14FL/YFLG14FV/FLG14NF/CLG14NR/CLG14NR/C-PLG14NV/ELG15FL/YGLG15FV/DLG15FV/D-PLG15FV/GLG15HL/CLG15HL/C-PLG15SE/CLG15SE/C-PLG15SS/CLG15SS/C-PLG15SS/GCLG15SS/GC-PLG16FL/YFLG16FV/DLG16FV/D-PLG16FV/FLG16FV/F LG16HE/VDLG16HE/VD-PLG16HL/DLG16HL/D-PLG16HL/VDLG16HL/VD-PLG16NF/DLG16NR/DLG16NR/D-PLG16SL/DLG16SL/D-PLG16SL/VDLG16SL/VD-PLG17FL/YGLG17NR/BELG17NR/ELG17NV/JF LG18HF/VELG18HL/ELG18HL/VELG18NR/BFLG18SE/CLG18SE/C-PLG18SE/VDLG18SE/VD-PLG18SL/VELG18SS/DLG18SS/D-PLG18SS/GDLG18SS/GD-PLG18SS/UCLG18SS/UC-PLG19NR/CLG19NR/C-PLG20HF/YFLG20HL/CFLG20HL/YFLG20NR/BGLG20NR/CGLG20NR/DLG20NR/D-PLG20SE/GCLG20SE/GC-PLG20SE/GDLG20SE/GD-P LG20SL/YELG20SS/UCLG20SS/UC-PLG20SS/UDLG20SS/UD-P LG22HF/YG LG22HL/CGLG22HL/GLG22HL/YGLG22NR/BFLG22NR/BGLG22NR/BHLG22NR/CGLG22NR/CHLG22NR/ELG24NR/BHLG24NR/BJLG24NR/BLLG24NR/BLLG24NR/CHLG24NR/CJLG24NR/CL LH700/3E LJ700/7E LL300/4FLL350/8DLL350/ADLL350/BDLL500/4DLL500/5DLL500/6DLL500/ADLL530/7ALL550/4DLL550/5DLL550/6DLL550/7DLL550/BDLL570/8DLL700/4DLL700/5DLL700/6DLL700/7DLL730/5DLL750/4DWLL750/7DLL750/8DLL770/6DTLL770/7DTLL770/8DTLL900/5DLL900/6DLL900/7DLL900/8DLL930/5DLL950/6DLL950/7DLL950/8D LM500/5DLM500/7DLM500/8DLM550/5ELM700/7E LT300/5DLT500/4DLT500/5DLT500/6DLT700/4DVA13F/DFVA13F/DXVA13F/VHVA15X/RFVA15X/RXVA16F/DFVA16F/DGVA16S/AGVA17S/AGVA17S/RXVA18S/AFVA18S/AGVA18S/WX VA18X/DFVA18X/DXVA18X/RFVA18X/RXVA20S/AEVA20S/RFVA20S/RXVA22S/AEVA24S/RFVJ10F/BH-LVJ10F/BH-MVJ14F/VH-LVJ16F/VH-LVJ16F/VH-MVJ22S/RF-MVJ22S/RX-MVJ22X/RF-MVJ22X/RX-MVJ80M/BH-MVJ80M/BW-M VY10F/BH-LVY10F/BH-MVY10F/BH-RVY13M/DF-RVY14F/DF-LVY14F/DX-LVY14F/VH-LVY16F/DF-LVY16F/DF-MVY16F/VH-LVY16F/VH-MVY17F/DF-RVY17F/DG-LVY17F/DG-MVY17F/DG-RVY20F/DF-RVY20F/DG-RVY22S/RF-LVY22S/RF-MVY22S/RX-LVY22S/RX-MVY22X/DF-LVY22X/DX-LVY22X/RF-LVY22X/RF-M      VY22X/RX-LmckymgVY22X/RX-M VY80M/BH-LVY80M/BH-MVY80M/BH-RVY80M/BW-LVY80M/BW-M      VY80M/BW-R            7000NA27000NA37000NA47000NA57090MT47100MT57130MG47140MR47140MR5715NU3715NU3/B7160MR27160NU3716NU3716NU3/B7170NU37180MR37180NU4/BX718NU4718NU4/B718NU4/BX7190NU47190NU4/B720NU5/B720NU5/BX7220NU5/B7220NU5/BX722NU5/B722NU5/BX7515NU5/B780MT5820MG820MGH820NA820NAH820NAL820NUB820NUBX820NUL820NULX830MG830MG/X830MGH830NA/L830NU/L830NU/LXC6200E8200J6200J6210MG13DMG17D/AMG50GMG50HMG50JMG55EMG75EMR16AMR16AHMR16BNB14ANB14BNB14B/RNB15BNB15B/SNB15B/TNB16BNB16B/MNB16CNB16C/ANB16C/RNB16C/STNB16C/TNB16C/VNB18BNB18CNB18C/TNB18DNB18D/DNB18D/FNB18D/LNB18D/VNB19DNB19D/DNB50ENB50GNB50HNB50JNB50KNB50LNB53ENB55ENB55E/TNB55GNB55G/TNB55HNB55H/ANB55H/TNB55JNB55J/TNB55KNB55K/TNB55LNB55L/TNB70ENB70E/TNB70GNB70H/TNB75GNB75G/TNB75HNB75H/TNB75HAVNB75JNB75KNB75K/T      NB75Lmckymg      NB75L/T NB75L/TSNB9/1600LNB90J/TNB90J/TSNB90K/TNB90K/TSNH24CNH24DNH26CNH28DRS18DRS18D/DRS18D/STRS18D/TRS50E/TRS50G/TRS55E/TS8200S8205            PCG-FR33PCG-FR33/BPCG-FR55/BPCG-FR55EPCG-FR55E/BPCG-FR55G PCG-FR55G/BPCG-FR55JPCG-FR55J/BPCG-FR55R/PPCG-FR77E/BPCG-FR77G/BPCG-FR77J/BPCG-GRS50/BPCG-GRS500PCG-GRS500/PPCG-GRS52V/PPCG-GRS55/BPCG-GRS70/PPCG-GRS72V/PPCG-GRS900PCG-GRS900/PPCG-GRT51EPCG-GRT51E/PPCG-GRT51FPCG-GRT51F/PPCG-GRT52EPCG-GRT52E/PPCG-GRT52FPCG-GRT52F/PPCG-GRT55/BPCG-GRT55E/BPCG-GRT71EPCG-GRT71E/PPCG-GRT72EPCG-GRT72E/PPCG-GRT750PCG-GRT750/PPCG-GRT770PCG-GRT770/PPCG-GRV88GPCG-GRX51/BPPCG-GRX52G/BPCG-GRZ77/BPCG-V505/BPCG-V505E/BPCG-V505F/BPCG-V505G/BPCG-V505R/PBPCG-V505S/PBPCG-V505T1PCG-V505T2PCG-V505V/PPCG-Z1/PPCG-Z1R/PPCG-Z1RT/PPCG-Z1T/PPCG-Z1V/PPCG-Z1VEPCG-Z1VT/PPCG-Z1X/PPCG-Z1XE/BVGN-E50B/BVGN-E50B/DVGN-E50B/SVGN-E51B/D      VGN-E51B/SVGN-E81B/B      VGN-K30mckymg      VGN-K30B VGN-K31 VGN-K31B VGN-K50B VGN-K70BVGN-K71B                                     1600 10L/21860 SA150C/41860 SA150C/51860 SA160C/41860 SA160C/51860 SA170P/5X1860 SA180P/41860 SA180P/51860 SA180P/5X1860 SA220P/5X1870 SA160C/41870 SA160C/51870 SA180P/41870 SA180P/51870 SA180P/5XA10 SA200C/4A10 SA200C/5 A11 220P/4A11 220P/4WA11 220P/5A11 220P/5WA11 240C/4A11 240C/4WA11 240C/5A11 240C/5WA8/420CMEA9/422CMEAX1/424CMEC4110 DC13L/2C4120 DC14L/2C8/213LDDWC8/213LMEWC9/214LDEWdynabook SS 1600 10L/2Wdynabook SS 1600 80C/2dynabook SS 1600 80C/2W dynabook SS 1610 11L/2dynabook SS 1610 90C/2 dynabook SS 1620 10C/2dynabook SS 1620 12L/2 dynabook SS 2110 DS10L/2dynabook SS 2110 DS10L/2Wdynabook SS 2120 DS11L/2E6/415CMEE6/515CMEE7/418CMEE7/418CMHE7/518CMEE7/518PDEE7/518PMEE8/420CMEE8/520CDEE8/520CMEE8/520PMEE8/X19PDEEQUIUM S5040 EQ17C/NEQUIUM S5040 EQ24P/NEQUIUM S5050 EQ20C/NEQUIUM S5050 EQ26P/NEQUIUM S5060 EQ22C/NEQUIUM S5060 EQ288/NEQUIUM S5060 EQ28P/NES/425CMEEX/2513CDSTEX/2513CDSTBEX/522CDEEX/522CDE3EX/522CDETEX/522CDET3EX/522CMEEX/522CME3EX/522PDE3EX/522PDET3EX1/522PDETWEX1/524CDEEX1/524CDETEX1/524CWEG4/U17PMEG5/X14PMEG5/X16PMEG6/X18PDEG6/X18PMEG6C/X18CMG6C/X18PMEG7/X19PDEG8/X20PDEW2J10 SA200C/4J10 SA200C/5J10 SA200P/4J10 SA200P/5J10 SA200P/5XJ10 SA250P/5XJ11 220P/4J11 220P/4WJ11 220P/5J11 220P/5WJ11 220P/5XJ11 220P/5XWJ11 240C/4J11 240C/4WJ11 240C/5J11 240C/5WJ11 240C/5XJ11 240C/5XWJ12 250C/4J12 250C/5J12 250C/5XJ40 140C/4J40 140C/5J40 140C/5XM10 SA130L/5M10 SA160L/5      P5/522PMEmckymgP5/S24PMEP7/X28PMEP8/X28PDEQosmio E10/1JCDTQosmio E10/2JCDTQosmio E10/2KCDTWQosmio E10/370LSQosmio E10/375LS S7/290LNKWS8/210LNKWS8/210LNLNS8/210LNSNS9/210LNKWSX/210LNLNSX/210LNLWSX/2211LNKSX/3211LNKWT10 130C/4T10 130C/5T11 130C/4T11 130C/5T12 140C/4T12 140C/5 T5/X16PMET6/518CDET6/518CMETX/2513CDSWTX/2513CMSWTX/3514CDSTTX/3514CDSTWTX/3514CDSWTX/430DSTX/450DSTX/470LSV7/513LMDWV7/516LMDW       V8/513LMEW             PC-CL1-4CDPC-CL1-5CAPC-CL1-5CCPC-CL1-5CDPC-CL1-5CEPC-CL1-5ZDPC-CL1-6CAPC-CL1-6CCPC-CL1-6CDPC-CL1-7DAPC-CL1-7YDPC-CL1-8CEPC-CL1-9BBPC-CL1-9CDPC-CL1-C1APC-CL1-C1FPC-CL1-C1PPC-CL1-C3APC-CL1-C3CPC-CL1-C3EPC-CL1-C7CPC-CL1-M1APC-CL1-M1FPC-CL1-M1PPC-CL1-M3APC-CL1-M3CPC-CL1-M3EPC-CL1-M7C      PC-CL50Fmckymg      PC-CL50G PC-GP2-7CAPC-GP2-7CCPC-GP2-C1MPC-GP2-C1WPC-GP2-C3MPC-GP2-C3WPC-GP2-C5EPC-GP2-C5MPC-GP2-C5ZPC-GP2-D7EPC-GP2-D7ZPC-GP2-M1FPC-GP2-YP4PC-MC1-3CAPC-MC1-3CCPC-MC1-3CRPC-MC30FPC-MV1-5CAPC-MV1-5CCPC-MV1-6CUPC-MV1-VC1PC-MV1-VC2PC-MV1-VC3PC-MV1-VC4PC-PM3-1AAPC-PM3-1ACPC-PM3-1AEPC-RD1-3DPC-RD1-C1MPC-RD1-C2MPC-RD1-D3MPC-SV1-5CBPC-SV1-5CCPC-SV1-5CDPC-SV1-6CDPC-SV1-7DBPC-SV1-7DCPC-SV1-7DDPC-TN1-H1W PC-XV1-3CEPC-XV1-5YEPC-XV1-7DEPC-XV1-7VEPC-XV50FPC-XV70F      PC-XV70G                DELLmckymg      Inspiron/Latitude      COMPAQBusiness Notebook/Evo Notebook          Inspiron 300mInspiron 500mInspiron 1000Inspiron 1100      Inspiron 1150      Inspiron 2650      Inspiron 4150Inspiron 5100Inspiron 8200Inspiron 8500Latitude C640Latitude C840Latitude D400Latitude D500Latitude D600      Latitude V740      Latitude X300mckymg            Evo N1000vEvo N1010vEvo N1015vEvo N1020v      Evo N610cmckymg      Evo N620cnc4000nx7000nx9000nx9000nx9005nx9010      nx9010/CT                 IBM Lenovo ThinkPad          A31A31pG40R32R40R40eT30T40T40pX31      mckymg            メモリを安全確実に装着してご使用頂けるよう、本商品にメモリ取付説明図を添付させて頂きます。ご購入されたメモリのお取り付け方法等で分からない点がございましたら、きめ細かくフォローさせて頂きますので、遠慮なくお知らせ下さい。■その他のメモリも こちら　で出品しております。　 出品にないメーカーパソコンの対応メモリもご用意できる場合がございますので、お気軽にお問い合わせ下さい。　       "
146339562,2084307183,"SOTEC Winbook WM353L 等用　液晶部スピーカー"," SOTEC Winbook WM353L 等用　液晶部スピーカー。正常動作品（Windows-XPにて動作確認品）です。中古です。定型外（普通郵便）（落札者合意）でも送れます。こちらのオークションは、おまかせ君を利用して出品されました。 "
147350920,2084193601,"☆修理パーツ☆ FMV-AC312 光学ドライブ CD-224E-CF6","                       商品説明        ＜☆修理パーツ☆ FMV-AC312 光学ドライブ       CD-224E-CF6＞商品は画像がすべてです。付属品はございません。                                動作確認          ・読み込み確認済み（書き込み確認は行っておりません）・中古品のため、完璧な商品をお求めの方は入札をご遠慮下さい。                          商品状態          多少の傷や汚れなどございますがよい状態です。中古品をご理解の上、お求め下さい。日本語の分からない方は入札をご遠慮下さい。大変申し訳御座いませんが、トラブル防止の為、ご理解の程お願い致します。If you can not understand Japanese, please do not bid.To avoid trouble. Please understand I am sorry.         パーツの交換を承ります！お買い上げのパーツの交換ができないお客様はお気軽にご相談ください。格安にて交換修理させていただきます。お問い合わせは下記の会社案内をご覧下さい。        注意事項【必ずお読み下さい】        【同梱について】・PCパーツ類は同梱可能です（1週間以内取り置きできます）送料はそのままで同梱できますのでぜひご利用下さい。（落札された商品の中で、一番高い送料が適用されますのでご了承下さい）⇒出品商品一覧はこちらからどうぞ※小物（パーツ類）であっても当ヤフーオークションID：emem0623以外で落札された商品は同梱できません。・店頭での直接取引はできません。宅急便配達のみとさせて頂きます。・出品されているパーツが適合しているかどうかはお客様でご判断下さい。「○○○にこのパーツは取り付けることは可能か？」等、お問い合わせ頂きましてもお答えできませんのでご了承下さい。        ご入金方法        落札後、翌営業日以内に取引ナビにてご連絡いたしますので必ずご確認ください。（メールでの連絡は行っておりません）土日祝日は落札確認、入金確認、発送をお休みさせて頂いております。お急ぎのお客様は落札前にお問い合わせ下さい。&nbsp;       下記の方法にてご入金ができます。・Yahoo!かんたん決済・代金引換　手数料：合計金額1万円まで315円　3万円まで420円　10万円まで630円※別途手数料が必要です。・ジャパンネットバンク金曜日15：00以降、土日の他行宛の振込みは入金確認が翌週になりますのでご了承ください。入金確認後の発送となります。当社ではすべての商品に領収証を発行しております。（代引きの場合は受取時、運送業者より発行されます）会社名等で領収書をご希望の方はその旨お知らせ下さい。ご連絡がない場合、落札者様のお名前で発行させていただきます。        保証内容        到着後１週間以内に商品をご確認いただき不具合がありましたらご連絡ください。代品や返金などで対応させていただきます。・十分な検査を行い出荷させていただいておりますが精密機械のため、稀に動作不良が生じる場合がございます。この場合は、代品もしくは返金処理させていただきます。・傷や汚れなどの外観不良や消耗品は保証の対象となりません。・不適合商品の返品はできませんのでよくご確認の上、お求めください。・納品後のサポートは、保障期間内の動作不良のみの対応とさせて頂きます。・技術的なサポートや、お客様でインストールされたソフトウェア、お客様で取り付けた周辺機器のサポートは致しておりません。             発送方法・送料        主に佐川急便の利用とさせていただきます。（ご指定できません）・送料⇒本州・四国・九州￥800　 北海道￥1,200　沖縄・離島￥1,500・紛失や保証など考慮し、メール便などでの発送は行っておりません。・元払いのみとさせていただきます。着払いは行っておりません。・本商品は送料そのままで同梱できますので他の商品も是非ご覧下さい。（1週間以内、取置きOK）・送料には梱包料が含まれております。・到着日・時間帯指定ができますので落札後ご連絡ください。・指定できる時間帯　午前中　12～14時　14～16時　16～18時　18～21時⇒ECOMAXの出品商品を見る！        会社案内                                        パソコンのことでお困りならお気軽にご相談ください。業界No.1の低価格を実現！宅急便利用により全国対応しております！                          店舗では、格安な中古パソコンをたくさん展示しております。見て触って、納得のいくパソコンをお求めいただけます。また、全国発送も承っておりますので、お気軽にお問い合わせください。                                            ホームページはこちら！　⇒                                   ECOMAX　WEBサイト                      http://www.ecomax-t.jp                                            会社名          株式会社ECOMAX                                                            住所          〒933-0946富山県高岡市昭和町二丁目1－21                                      TEL          0766－73－6745　（FAX共通）                                      営業時間          9:00～20:00　（年中無休）                                      古物商許可番号          富山県公安委員会501230008157                                      E-mail          ecomax@flashsozai.com                                      WEB          http://www.ecomax-t.jp                                      業務内容          パソコン修理／データ復旧／メンテナンス／             中古パソコン販売／中古パーツ販売／ 各種ソフトウェア販売／ハードディスクデータ消去／         パソコン買取 "
147365078,2084307176,"HP NX9000 等用 液晶部ヒンジ左右 #"," HP NX9000 等用 液晶部ヒンジ左右 #。中古です。硬さ正常です。定型外（普通郵便）（落札者合意）でも送れます。こちらのオークションは、おまかせ君を利用して出品されました。 "
147885558,2084193572,"シャープ Mebius AL70J 用 液晶部カバーラッチ"," シャープ Mebius AL70J 用 液晶部カバーラッチ。中古です。定型外（普通郵便）（落札者合意）でも送れます。こちらのオークションは、おまかせ君を利用して出品されました。 "
147885680,2084193572,"シャープ Mebius AL70J　等用　スイッチパネル"," シャープ Mebius AL70J　等用　スイッチパネル。中古です。定型外（普通郵便）（落札者合意）でも送れます。こちらのオークションは、おまかせ君を利用して出品されました。 "
147951123,2084307174,"HP Compaq NX4820 等用　液晶部ヒンジカバー"," HP Compaq NX4820 等用　液晶部ヒンジカバー。中古です。ケース側の物は付属しません。定型外（普通郵便）（落札者合意）でも送れます。こちらのオークションは、おまかせ君を利用して出品されました。 "
147951869,2084307183,"SOTEC Afina AL7180A 等用 液晶部カバーラッチ #"," SOTEC Afina AL7180A 等用 液晶部カバーラッチ #。中古です。定型外（普通郵便）（落札者合意）でも送れます。こちらのオークションは、おまかせ君を利用して出品されました。 "
148509494,2084193578,"SONY Vaio VGN-E70B 等用　USB基盤"," SONY Vaio VGN-E70B 等用　USB基盤。正常動作品（Windows-XPにて動作確認品）です。中古です。定型外（普通郵便）（落札者合意）でも送れます。こちらのオークションは、おまかせ君を利用して出品されました。 "
148697054,2084193593,"Dynabook SS M35 ◆ CelM 410/512/40/コンボ/12.1W光沢/XP ◆④","           Dynabook SS M35 ◆ CelM 410/512/40/コンボ/12.1W光沢/XP ◆④               型番   東芝 Satellite SS M35 (PPM351TCPNASK)  (A041009)       CPU   CeleronM 410 (1.46GHz)       メモリ   512MB       HDD   40GB       光学   DVDコンボ (DVD-ROM &amp; CD-RW)        液晶   12.1インチ光沢WXGA (1280×800)       無線LAN   なし       バッテリー   30分程度動作確認済み       COAシール   WindowsXP PRO        OS   XPリカバリ済み   (HDDリカバリ)       付属品   ACアダプタ            状態  天板に塗装はがれがあり、キーボード・パームレストにテカリがあります。          注意事項    中古品ですので保証はありませんが、起動しない場合のみ到着後3日以内であれば対応します。その際は商品代金のみのご返金となります。 またバッテリー等の消耗品に関しては一切保証しません。セットアップやソフトウェアの使い方等についてもお答えできませんのであらかじめご了承ください。中古品となりますので記載以外の細かなキズ・使用感・色むら・ドット抜け等はございます。神経質な方はご入札をご遠慮ください。          送料・発送方法    1,000円 (本州・四国・九州)  1,500円 (北海道・沖縄・離島)代引きでの発送も可能です。(別途代引き手数料500円必要です)ヤマト運輸にて発送いたします。その他の発送方法には対応しておりません。          お支払方法    楽天銀行三菱東京UFJ銀行Yahoo!簡単決済ご落札後当方よりご連絡いたしますので、その後落札金額＋送料をご入金ください。 消費税は不要です。振込み手数料は落札者様のご負担となります。 ご入金確認後の発送とさせていただきます。  "
148739595,2084193572,"シャープMebius RD1-C1M 用　メモリーカードドライブ基盤"," シャープMebius RD1-C1M 用　メモリーカードドライブ基盤。正常動作品（Windows-XPにて動作確認品）です。中古です。定型外（普通郵便）（落札者合意）でも送れます。こちらのオークションは、おまかせ君を利用して出品されました。 "
148739697,2084193572,"シャープMebius RD1-C1M 等用　液晶部ケーブル #"," シャープMebius RD1-C1M 等用　液晶部ケーブル #。正常動作品（Windows-XPにて動作確認品）です。中古です。定型外（普通郵便）（落札者合意）でも送れます。 LQ150X1LGF0のパネルに付いていました。定型外（普通郵便）（落札者合意）でも送れます。こちらのオークションは、おまかせ君を利用して出品されました。 "
148742027,2084193591,"東芝　Dynabook EX/522CME3 等用　裏ふた４種 %"," 東芝　Dynabook EX/522CME3 等用　裏ふた４種 %。中古です。HD部を除く４箇所の裏ふたです。定型外（普通郵便）（落札者合意）でも送れます。こちらのオークションは、おまかせ君を利用して出品されました。 "
148825161,2084239900,"eMachines M5108 等用　パームレスト"," eMachines M5108 等用　パームレスト。タッチパット付です。正常動作品（Windows-XPにて動作確認品）です。中古です。汚れ、キズ等あります。写真をよく見るか質問してから入札願います。ゆうぱっく元払いで送ります。こちらのオークションは、おまかせ君を利用して出品されました。 "
148922830,2084193588,"CF-T5 ◆ C2D U7500-1.06/512/80/無線/12.1/XP ◆ ②","         　CF-T5 ◆ C2D U7500-1.06/512/80/無線/12.1/XP ◆ ②              　型番  　Panasonic CF-T5AW1AXS 　　　　　　　　(A043006)      　CPU  　Core2Duo U7500　(1.06GHz)      　メモリ  　512MB      　HDD  　80GB      　光学  　なし      　液晶  　12.1インチXGA (1024×768)      　無線LAN  　あり      　バッテリー  　30分程度確認済      　COA  　WindowsXP PRO      　OS  　XPリカバリ済み 　(HDDリカバリ)      　付属品  　ACアダプタ            状態    天板にスリ傷があり、キーボードにテカリがあります。パームレストの塗装はげがあり、特に角の塗装はげがひどいです。背面部に若干キズ・へこみがあります。液晶の表示はかなりキレイです。BIOSにて使用時間が8110Hとなっております。          注意事項    中古品ですので保証はありませんが、起動しない場合のみ到着後3日以内であれば対応します。その際は商品代金のみのご返金となります。 またバッテリー等の消耗品に関しては一切保証しません。セットアップやソフトウェアの使い方等についてもお答えできませんのであらかじめご了承ください。中古品となりますので記載以外の細かなキズ・使用感・色むら・ゴム足の欠品等はございます。神経質な方はご入札をご遠慮ください。          送料・発送方法    1,000円 (本州・四国・九州)  1,500円 (北海道・沖縄・離島)代引きでの発送も可能です。(別途代引き手数料500円必要です)ヤマト運輸にて発送いたします。その他の発送方法には対応しておりません。          お支払方法    楽天銀行三菱東京UFJ銀行Yahoo!簡単決済ご落札後当方よりご連絡いたしますので、その後落札金額＋送料をご入金ください。 消費税は不要です。振込み手数料は落札者様のご負担となります。&#8232;ご入金確認後の発送とさせていただきます。&#8232; "
148986947,2084307176,"HP NX7010 等用　SDカードユニット"," HP NX7010 等用　SDカードユニット。正常動作品（Windows-XPにて動作確認品）です。中古です。定型外（普通郵便）（落札者合意）でも送れます。こちらのオークションは、おまかせ君を利用して出品されました。 "
149033772,2084193568,"NEC Versapro VA18SAF** 等用　スイッチ基盤"," NEC Versapro VA18SAF** 等用　スイッチ基盤。正常動作品（Windows-XPにて動作確認品）です。中古です。定型外（普通郵便）（落札者合意）でも送れます。こちらのオークションは、おまかせ君を利用して出品されました。 "
149064167,2084193586,"DELL Latitude D430 ◆CoreSolo U1400-1.2/2G/40/12.1W ◆②","          DELL Latitude D430&nbsp;◆CoreSolo U1400-1.2/2G/40/12.1W&nbsp;◆②               型番   DELL Latitude D430&nbsp;              (A034017)       CPU   CoreSolo U1400 (1.2GHz)       メモリ   2GB       HDD   40GB       光学   なし       液晶   12.1インチワイド (1280×800)       無線LAN   なし       バッテリー   30分程度動作確認済み       COAシール   WindowsXP PRO       OS   XPにて動作確認済み (リカバリメディアなし)       付属品   ACアダプタ            状態    天板とパームレストに薄いシール痕があり、キーボードにテカリがあります。  リカバリディスクがありません。ご自身でセットアップされる場合は一切のサポートは出来ませんのでご了承ください。          注意事項    中古品ですので保証はありませんが、起動しない場合のみ到着後3日以内であれば対応します。その際は商品代金のみのご返金となります。 またバッテリー等の消耗品に関しては一切保証しません。セットアップやソフトウェアの使い方等についてもお答えできませんのであらかじめご了承ください。中古品となりますので記載以外の細かなキズ・使用感・色むら・ドット抜け等はございます。神経質な方はご入札をご遠慮ください。          送料・発送方法    1,000円 (本州・四国・九州)  1,500円 (北海道・沖縄・離島)代引きでの発送も可能です。(別途代引き手数料500円必要です)ヤマト運輸にて発送いたします。その他の発送方法には対応しておりません。          お支払方法    楽天銀行三菱東京UFJ銀行Yahoo!簡単決済ご落札後当方よりご連絡いたしますので、その後落札金額＋送料をご入金ください。 消費税は不要です。振込み手数料は落札者様のご負担となります。 ご入金確認後の発送とさせていただきます。  "
149253103,2084193569,"NEC Lavie LR500AD 等用　HDマウンター"," NEC Lavie LR500AD 等用　HDマウンター。中古です。定型外（普通郵便）（落札者合意）でも送れます。こちらのオークションは、おまかせ君を利用して出品されました。 "
149254193,2084239900,"eMachines M5106 等用　裏ふた２種 #"," eMachines M5106 等用　裏ふた２種 #。メモリー部と、PCI部の２枚です。中古です。定型外（普通郵便）（落札者合意）でも送れます。こちらのオークションは、おまかせ君を利用して出品されました。 "
149278004,2084307175,"☆修理パーツ☆ COMPAQ N150 液晶パネル HSD141PX11 (3)","                       商品説明        ＜☆修理パーツ☆ COMPAQ N150 液晶パネル       HSD141PX11＞商品は画像がすべてです。付属品はございません。                                動作確認          ・正常表示を確認しております。・極端な明度不足、色ムラはありません。使用上支障の無いレベルの商品を出品しております。・ドット落ちや長時間に渡る検査は行っておりません。・完璧なものをお求めのお客様は入札をご遠慮下さい。                          商品状態          多少の傷や汚れなどございますがよい状態です。中古品をご理解の上、お求め下さい。日本語の分からない方は入札をご遠慮下さい。大変申し訳御座いませんが、トラブル防止の為、ご理解の程お願い致します。If you can not understand Japanese, please do not bid.To avoid trouble. Please understand I am sorry.         パーツの交換を承ります！お買い上げのパーツの交換ができないお客様はお気軽にご相談ください。格安にて交換修理させていただきます。お問い合わせは下記の会社案内をご覧下さい。        注意事項【必ずお読み下さい】        【同梱について】・PCパーツ類は同梱可能です（1週間以内取り置きできます）送料はそのままで同梱できますのでぜひご利用下さい。（落札された商品の中で、一番高い送料が適用されますのでご了承下さい）⇒出品商品一覧はこちらからどうぞ※小物（パーツ類）であっても当ヤフーオークションID：emem0623以外で落札された商品は同梱できません。・店頭での直接取引はできません。宅急便配達のみとさせて頂きます。・出品されているパーツが適合しているかどうかはお客様でご判断下さい。「○○○にこのパーツは取り付けることは可能か？」等、お問い合わせ頂きましてもお答えできませんのでご了承下さい。        ご入金方法        落札後、翌営業日以内に取引ナビにてご連絡いたしますので必ずご確認ください。（メールでの連絡は行っておりません）土日祝日は落札確認、入金確認、発送をお休みさせて頂いております。お急ぎのお客様は落札前にお問い合わせ下さい。&nbsp;       下記の方法にてご入金ができます。・Yahoo!かんたん決済・代金引換　手数料：合計金額1万円まで315円　3万円まで420円　10万円まで630円※別途手数料が必要です。・ジャパンネットバンク金曜日15：00以降、土日の他行宛の振込みは入金確認が翌週になりますのでご了承ください。入金確認後の発送となります。当社ではすべての商品に領収証を発行しております。（代引きの場合は受取時、運送業者より発行されます）会社名等で領収書をご希望の方はその旨お知らせ下さい。ご連絡がない場合、落札者様のお名前で発行させていただきます。        保証内容        到着後１週間以内に商品をご確認いただき不具合がありましたらご連絡ください。代品や返金などで対応させていただきます。・十分な検査を行い出荷させていただいておりますが精密機械のため、稀に動作不良が生じる場合がございます。この場合は、代品もしくは返金処理させていただきます。・傷や汚れなどの外観不良や消耗品は保証の対象となりません。・不適合商品の返品はできませんのでよくご確認の上、お求めください。・納品後のサポートは、保障期間内の動作不良のみの対応とさせて頂きます。・取り付け・取り外し等の技術的なサポートや、お客様でインストールされたソフトウェア、お客様で取り付けた周辺機器のサポートは致しておりません。             発送方法・送料        主に佐川急便の利用とさせていただきます。（ご指定できません）・送料⇒本州・四国・九州￥1,000　 北海道￥1,400　沖縄・離島￥1,700・紛失や保証など考慮し、メール便などでの発送は行っておりません。・元払いのみとさせていただきます。着払いは行っておりません。・本商品は送料そのままで同梱できますので他の商品も是非ご覧下さい。（1週間以内、取置きOK）・送料には梱包料が含まれております。・到着日・時間帯指定ができますので落札後ご連絡ください。・指定できる時間帯　午前中　12～14時　14～16時　16～18時　18～21時⇒ECOMAXの出品商品を見る！        会社案内                                        パソコンのことでお困りならお気軽にご相談ください。業界No.1の低価格を実現！宅急便利用により全国対応しております！                          店舗では、格安な中古パソコンをたくさん展示しております。見て触って、納得のいくパソコンをお求めいただけます。また、全国発送も承っておりますので、お気軽にお問い合わせください。                                            ホームページはこちら！　⇒                                   ECOMAX　WEBサイト                      http://www.ecomax-t.jp                                            会社名          株式会社ECOMAX                                                            住所          〒933-0946富山県高岡市昭和町二丁目1－21                                      TEL          0766－73－6745　（FAX共通）                                      営業時間          9:00～20:00　（年中無休）                                      古物商許可番号          富山県公安委員会501230008157                                      E-mail          ecomax@flashsozai.com                                      WEB          http://www.ecomax-t.jp                                      業務内容          パソコン修理／データ復旧／メンテナンス／             中古パソコン販売／中古パーツ販売／ 各種ソフトウェア販売／ハードディスクデータ消去／         パソコン買取 "
149664723,2084193569,"NEC Lavie LR7008E 等用　バッテリー等コントロール基盤"," NEC Lavie LR7008E 等用　バッテリー等コントロール基盤。正常動作品（Windows-XPにて動作確認品）です。中古です。定型外（普通郵便）（落札者合意）でも送れます。こちらのオークションは、おまかせ君を利用して出品されました。 "
149751567,2084193586,"★LatitudeX300用保護シート木目１台分"," ★ LatitudeX300用トップカバー&amp;パームレスト・保護シート木目１台分イメージチェンジ・傷や汚れ隠し・また保護シートとして利用色々です。木目の・ダイノックシート・家具やエレベーダなどに使用されております。パソコンは付属しませんのでお間違いの無いようにお願いいたします  &nbsp;  &nbsp;  &nbsp;  &nbsp;  定形外・メール便発送可能 "
149793940,2084193601,"☆修理パーツ☆ FMV 7180MR3 冷却ファン HYC05-05A (5)","                       商品説明        ＜☆修理パーツ☆ FMV 7180MR3 冷却ファン       HYC05-05A＞商品は画像がすべてです。付属品はございません。                                動作確認          ・異音がないことを確認しております。・中古品のため、多少の異音が発生することがございます。完璧な商品をお求めの方は入札をご遠慮下さい。                          商品状態          多少の傷や汚れなどございますがよい状態です。中古品をご理解の上、お求め下さい。日本語の分からない方は入札をご遠慮下さい。大変申し訳御座いませんが、トラブル防止の為、ご理解の程お願い致します。If you can not understand Japanese, please do not bid.To avoid trouble. Please understand I am sorry.         パーツの交換を承ります！お買い上げのパーツの交換ができないお客様はお気軽にご相談ください。格安にて交換修理させていただきます。お問い合わせは下記の会社案内をご覧下さい。        注意事項【必ずお読み下さい】        【同梱について】・PCパーツ類は同梱可能です（1週間以内取り置きできます）送料はそのままで同梱できますのでぜひご利用下さい。（落札された商品の中で、一番高い送料が適用されますのでご了承下さい）⇒出品商品一覧はこちらからどうぞ※小物（パーツ類）であっても当ヤフーオークションID：emem0623以外で落札された商品は同梱できません。・店頭での直接取引はできません。宅急便配達のみとさせて頂きます。・出品されているパーツが適合しているかどうかはお客様でご判断下さい。「○○○にこのパーツは取り付けることは可能か？」等、お問い合わせ頂きましてもお答えできませんのでご了承下さい。        ご入金方法        落札後、翌営業日以内に取引ナビにてご連絡いたしますので必ずご確認ください。（メールでの連絡は行っておりません）土日祝日は落札確認、入金確認、発送をお休みさせて頂いております。お急ぎのお客様は落札前にお問い合わせ下さい。&nbsp;       下記の方法にてご入金ができます。・Yahoo!かんたん決済・代金引換　手数料：合計金額1万円まで315円　3万円まで420円　10万円まで630円※別途手数料が必要です。・ジャパンネットバンク金曜日15：00以降、土日の他行宛の振込みは入金確認が翌週になりますのでご了承ください。入金確認後の発送となります。当社ではすべての商品に領収証を発行しております。（代引きの場合は受取時、運送業者より発行されます）会社名等で領収書をご希望の方はその旨お知らせ下さい。ご連絡がない場合、落札者様のお名前で発行させていただきます。        保証内容        到着後１週間以内に商品をご確認いただき不具合がありましたらご連絡ください。代品や返金などで対応させていただきます。・十分な検査を行い出荷させていただいておりますが精密機械のため、稀に動作不良が生じる場合がございます。この場合は、代品もしくは返金処理させていただきます。・傷や汚れなどの外観不良や消耗品は保証の対象となりません。・不適合商品の返品はできませんのでよくご確認の上、お求めください。・納品後のサポートは、保障期間内の動作不良のみの対応とさせて頂きます。・技術的なサポートや、お客様でインストールされたソフトウェア、お客様で取り付けた周辺機器のサポートは致しておりません。             発送方法・送料        主に佐川急便の利用とさせていただきます。（ご指定できません）・送料⇒本州・四国・九州￥800　 北海道￥1,200　沖縄・離島￥1,500・紛失や保証など考慮し、メール便などでの発送は行っておりません。・元払いのみとさせていただきます。着払いは行っておりません。・本商品は送料そのままで同梱できますので他の商品も是非ご覧下さい。（1週間以内、取置きOK）・送料には梱包料が含まれております。・到着日・時間帯指定ができますので落札後ご連絡ください。・指定できる時間帯　午前中　12～14時　14～16時　16～18時　18～21時⇒ECOMAXの出品商品を見る！        会社案内                                        パソコンのことでお困りならお気軽にご相談ください。業界No.1の低価格を実現！宅急便利用により全国対応しております！                          店舗では、格安な中古パソコンをたくさん展示しております。見て触って、納得のいくパソコンをお求めいただけます。また、全国発送も承っておりますので、お気軽にお問い合わせください。                                            ホームページはこちら！　⇒                                   ECOMAX　WEBサイト                      http://www.ecomax-t.jp                                            会社名          株式会社ECOMAX                                                            住所          〒933-0946富山県高岡市昭和町二丁目1－21                                      TEL          0766－73－6745　（FAX共通）                                      営業時間          9:00～20:00　（年中無休）                                      古物商許可番号          富山県公安委員会501230008157                                      E-mail          ecomax@flashsozai.com                                      WEB          http://www.ecomax-t.jp                                      業務内容          パソコン修理／データ復旧／メンテナンス／             中古パソコン販売／中古パーツ販売／ 各種ソフトウェア販売／ハードディスクデータ消去／         パソコン買取 "
149794046,2084193601,"☆修理パーツ☆ FMV 7180MR3 マザーボード (3)","                       商品説明        ＜☆修理パーツ☆ FMV 7180MR3       マザーボード＞商品は画像がすべてです。付属品はございません。                                動作確認          ・BIOS正常起動確認、各ポートの損傷等確認しております。・細部にわたった細やかな検査は行っておりません。ご了承下さい。・CMOSバッテリーの残量は確認しておりません。また、欠品している場合がございます。・商品はマザーボードのみとなります。・底板が付属している場合はマザーボード破損防止用ですので、保証対象外となります。※マザーボード側にCPUピンがある場合、曲がりや破損がない事を確認して出荷しております。取り付けの際は十分ご注意下さい。                          商品状態          多少の傷や汚れなどございますがよい状態です。中古品をご理解の上、お求め下さい。日本語の分からない方は入札をご遠慮下さい。大変申し訳御座いませんが、トラブル防止の為、ご理解の程お願い致します。If you can not understand Japanese, please do not bid.To avoid trouble. Please understand I am sorry.         パーツの交換を承ります！お買い上げのパーツの交換ができないお客様はお気軽にご相談ください。格安にて交換修理させていただきます。お問い合わせは下記の会社案内をご覧下さい。        注意事項【必ずお読み下さい】        【同梱について】・PCパーツ類は同梱可能です（1週間以内取り置きできます）送料はそのままで同梱できますのでぜひご利用下さい。（落札された商品の中で、一番高い送料が適用されますのでご了承下さい）⇒出品商品一覧はこちらからどうぞ※小物（パーツ類）であっても当ヤフーオークションID：emem0623以外で落札された商品は同梱できません。・店頭での直接取引はできません。宅急便配達のみとさせて頂きます。・出品されているパーツが適合しているかどうかはお客様でご判断下さい。「○○○にこのパーツは取り付けることは可能か？」等、お問い合わせ頂きましてもお答えできませんのでご了承下さい。        ご入金方法        落札後、翌営業日以内に取引ナビにてご連絡いたしますので必ずご確認ください。（メールでの連絡は行っておりません）土日祝日は落札確認、入金確認、発送をお休みさせて頂いております。お急ぎのお客様は落札前にお問い合わせ下さい。&nbsp;       下記の方法にてご入金ができます。・Yahoo!かんたん決済・代金引換　手数料：合計金額1万円まで315円　3万円まで420円　10万円まで630円※別途手数料が必要です。・ジャパンネットバンク金曜日15：00以降、土日の他行宛の振込みは入金確認が翌週になりますのでご了承ください。入金確認後の発送となります。当社ではすべての商品に領収証を発行しております。（代引きの場合は受取時、運送業者より発行されます）会社名等で領収書をご希望の方はその旨お知らせ下さい。ご連絡がない場合、落札者様のお名前で発行させていただきます。        保証内容        到着後１週間以内に商品をご確認いただき不具合がありましたらご連絡ください。代品や返金などで対応させていただきます。・十分な検査を行い出荷させていただいておりますが精密機械のため、稀に動作不良が生じる場合がございます。この場合は、代品もしくは返金処理させていただきます。・傷や汚れなどの外観不良や消耗品は保証の対象となりません。・不適合商品の返品はできませんのでよくご確認の上、お求めください。・納品後のサポートは、保障期間内の動作不良のみの対応とさせて頂きます。・技術的なサポートや、お客様でインストールされたソフトウェア、お客様で取り付けた周辺機器のサポートは致しておりません。        発送方法・送料        主に佐川急便の利用とさせていただきます。（ご指定できません）・送料⇒本州・四国・九州￥1,000　 北海道￥1,400　沖縄・離島￥1,700・紛失や保証など考慮し、メール便などでの発送は行っておりません。・元払いのみとさせていただきます。着払いは行っておりません。・本商品は送料そのままで同梱できますので他の商品も是非ご覧下さい。（1週間以内、取置きOK）・送料には梱包料が含まれております。・到着日・時間帯指定ができますので落札後ご連絡ください。・指定できる時間帯　午前中　12～14時　14～16時　16～18時　18～21時⇒ECOMAXの出品商品を見る！        会社案内                                        パソコンのことでお困りならお気軽にご相談ください。業界No.1の低価格を実現！宅急便利用により全国対応しております！                          店舗では、格安な中古パソコンをたくさん展示しております。見て触って、納得のいくパソコンをお求めいただけます。また、全国発送も承っておりますので、お気軽にお問い合わせください。                                            ホームページはこちら！　⇒                                   ECOMAX　WEBサイト                      http://www.ecomax-t.jp                                            会社名          株式会社ECOMAX                                                            住所          〒933-0946富山県高岡市昭和町二丁目1－21                                      TEL          0766－73－6745　（FAX共通）                                      営業時間          9:00～20:00　（年中無休）                                      古物商許可番号          富山県公安委員会501230008157                                      E-mail          ecomax@flashsozai.com                                      WEB          http://www.ecomax-t.jp                                      業務内容          パソコン修理／データ復旧／メンテナンス／             中古パソコン販売／中古パーツ販売／ 各種ソフトウェア販売／ハードディスクデータ消去／         パソコン買取 "
150106574,2084193601,"☆修理パーツ☆ FMV-C6220 インバータ CP270235 (3)","                       商品説明        ＜☆修理パーツ☆ FMV-C6220 インバータ       CP270235＞商品は画像がすべてです。付属品はございません。                                動作確認          ・正常明度を確認しております。・長時間にわたる細やかな検査はおこなっておりません。                          商品状態          多少の傷や汚れなどございますがよい状態です。中古品をご理解の上、お求め下さい。日本語の分からない方は入札をご遠慮下さい。大変申し訳御座いませんが、トラブル防止の為、ご理解の程お願い致します。If you can not understand Japanese, please do not bid.To avoid trouble. Please understand I am sorry.         パーツの交換を承ります！お買い上げのパーツの交換ができないお客様はお気軽にご相談ください。格安にて交換修理させていただきます。お問い合わせは下記の会社案内をご覧下さい。        注意事項【必ずお読み下さい】        【同梱について】・PCパーツ類は同梱可能です（1週間以内取り置きできます）送料はそのままで同梱できますのでぜひご利用下さい。（落札された商品の中で、一番高い送料が適用されますのでご了承下さい）⇒出品商品一覧はこちらからどうぞ※小物（パーツ類）であっても当ヤフーオークションID：emem0623以外で落札された商品は同梱できません。・店頭での直接取引はできません。宅急便配達のみとさせて頂きます。・出品されているパーツが適合しているかどうかはお客様でご判断下さい。「○○○にこのパーツは取り付けることは可能か？」等、お問い合わせ頂きましてもお答えできませんのでご了承下さい。        ご入金方法        落札後、翌営業日以内に取引ナビにてご連絡いたしますので必ずご確認ください。（メールでの連絡は行っておりません）土日祝日は落札確認、入金確認、発送をお休みさせて頂いております。お急ぎのお客様は落札前にお問い合わせ下さい。&nbsp;       下記の方法にてご入金ができます。・Yahoo!かんたん決済・代金引換　手数料：合計金額1万円まで315円　3万円まで420円　10万円まで630円※別途手数料が必要です。・ジャパンネットバンク金曜日15：00以降、土日の他行宛の振込みは入金確認が翌週になりますのでご了承ください。入金確認後の発送となります。当社ではすべての商品に領収証を発行しております。（代引きの場合は受取時、運送業者より発行されます）会社名等で領収書をご希望の方はその旨お知らせ下さい。ご連絡がない場合、落札者様のお名前で発行させていただきます。        保証内容        到着後１週間以内に商品をご確認いただき不具合がありましたらご連絡ください。代品や返金などで対応させていただきます。・十分な検査を行い出荷させていただいておりますが精密機械のため、稀に動作不良が生じる場合がございます。この場合は、代品もしくは返金処理させていただきます。・傷や汚れなどの外観不良や消耗品は保証の対象となりません。・不適合商品の返品はできませんのでよくご確認の上、お求めください。・納品後のサポートは、保障期間内の動作不良のみの対応とさせて頂きます。・技術的なサポートや、お客様でインストールされたソフトウェア、お客様で取り付けた周辺機器のサポートは致しておりません。        発送方法・送料        主に佐川急便の利用とさせていただきます。（ご指定できません）・送料⇒本州・四国・九州￥800　 北海道￥1,200　沖縄・離島￥1,500・紛失や保証など考慮し、メール便などでの発送は行っておりません。・元払いのみとさせていただきます。着払いは行っておりません。・本商品は送料そのままで同梱できますので他の商品も是非ご覧下さい。（1週間以内、取置きOK）・送料には梱包料が含まれております。・到着日・時間帯指定ができますので落札後ご連絡ください。・指定できる時間帯　午前中　12～14時　14～16時　16～18時　18～21時⇒ECOMAXの出品商品を見る！        会社案内                                        パソコンのことでお困りならお気軽にご相談ください。業界No.1の低価格を実現！宅急便利用により全国対応しております！                          店舗では、格安な中古パソコンをたくさん展示しております。見て触って、納得のいくパソコンをお求めいただけます。また、全国発送も承っておりますので、お気軽にお問い合わせください。                                            ホームページはこちら！　⇒                                   ECOMAX　WEBサイト                      http://www.ecomax-t.jp                                            会社名          株式会社ECOMAX                                                            住所          〒933-0946富山県高岡市昭和町二丁目1－21                                      TEL          0766－73－6745　（FAX共通）                                      営業時間          9:00～20:00　（年中無休）                                      古物商許可番号          富山県公安委員会501230008157                                      E-mail          ecomax@flashsozai.com                                      WEB          http://www.ecomax-t.jp                                      業務内容          パソコン修理／データ復旧／メンテナンス／             中古パソコン販売／中古パーツ販売／ 各種ソフトウェア販売／ハードディスクデータ消去／         パソコン買取 "
151265428,2084307170,"Gateway W340UI 等用　スピーカー"," Gateway W340UI 等用　スピーカー。正常動作品（Windows-Vistaにて動作確認品）です。中古です。定型外（普通郵便）（落札者合意）でも送れます。こちらのオークションは、おまかせ君を利用して出品されました。 "
151505619,2084193568,"NEC Versapro VY14FDFYL　等用　スイッチパネル"," NEC Versapro VY14FDFYL　等用　スイッチパネル。中古です。定型外（普通郵便）（落札者合意）でも送れます。こちらのオークションは、おまかせ君を利用して出品されました。 "
151505953,2084307186,"SOTEC Winbook WG362 等用　液晶部ヒンジ左右 #"," SOTEC Winbook WG362 等用　液晶部ヒンジ左右 #。中古です。硬さ正常です。定型外（普通郵便）（落札者合意）でも送れます。こちらのオークションは、おまかせ君を利用して出品されました。 "
151782626,2084193593,"東芝 DYNABOOK2410　64MB 6GB　難あり"," 液晶部に縦線が入ります。ACアダプタのみ付属します。メモリ64MB HDD6GBです。HDDはデータ消去後に領域を開放しましたので、OSは入っていません。CD、FDの読み込みは確認しました。AMDプロセッサ登載。SVGA表示。 "
152052365,2084193568,"NEC Versapro VY13MRFEU 等用　HD部ケースカバー"," NEC Versapro VY13MRFEU 等用　HD部ケースカバー。HD用ネジ、HDガード付です。写真をよく見るか質問してから入札願います。定型外（普通郵便）（落札者合意）でも送れます。こちらのオークションは、おまかせ君を利用して出品されました。 "
152131359,2084193593,"☆修理パーツ☆ dynabook M10 11L/2 バッテリー PA3357U 1BRL","                       商品説明        ＜☆修理パーツ☆ dynabook M10 11L/2 バッテリー PA3357U       1BRL＞商品は画像がすべてです。付属品はございません。                                動作確認                      ・ジャンク品とさせていただいております。稼働時間、使用状況などは一切確認しておりませんのでご了承下さい。            ・こちらの商品に限っては保障・返金対象外とさせて頂きます。                          商品状態          中古品をご理解の上、お求め下さい。※こちらはセル入替用等の目的で販売しております。日本語の分からない方は入札をご遠慮下さい。大変申し訳御座いませんが、トラブル防止の為、ご理解の程お願い致します。If you can not understand Japanese, please do not bid.To avoid trouble. Please understand I am sorry.         パーツの交換を承ります！お買い上げのパーツの交換ができないお客様はお気軽にご相談ください。格安にて交換修理させていただきます。お問い合わせは下記の会社案内をご覧下さい。        注意事項【必ずお読み下さい】        【同梱について】・PCパーツ類は同梱可能です（1週間以内取り置きできます）送料はそのままで同梱できますのでぜひご利用下さい。（落札された商品の中で、一番高い送料が適用されますのでご了承下さい）⇒出品商品一覧はこちらからどうぞ※小物（パーツ類）であっても当ヤフーオークションID：emem0623以外で落札された商品は同梱できません。・店頭での直接取引はできません。宅急便配達のみとさせて頂きます。・出品されているパーツが適合しているかどうかはお客様でご判断下さい。「○○○にこのパーツは取り付けることは可能か？」等、お問い合わせ頂きましてもお答えできませんのでご了承下さい。        ご入金方法        落札後、翌営業日以内に取引ナビにてご連絡いたしますので必ずご確認ください。（メールでの連絡は行っておりません）土日祝日は落札確認、入金確認、発送をお休みさせて頂いております。お急ぎのお客様は落札前にお問い合わせ下さい。&nbsp;       下記の方法にてご入金ができます。・Yahoo!かんたん決済・代金引換　手数料：合計金額1万円まで315円　3万円まで420円　10万円まで630円※別途手数料が必要です。・ジャパンネットバンク金曜日15：00以降、土日の他行宛の振込みは入金確認が翌週になりますのでご了承ください。入金確認後の発送となります。当社ではすべての商品に領収証を発行しております。（代引きの場合は受取時、運送業者より発行されます）会社名等で領収書をご希望の方はその旨お知らせ下さい。ご連絡がない場合、落札者様のお名前で発行させていただきます。        保証内容        到着後１週間以内に商品をご確認いただき不具合がありましたらご連絡ください。代品や返金などで対応させていただきます。・十分な検査を行い出荷させていただいておりますが精密機械のため、稀に動作不良が生じる場合がございます。この場合は、代品もしくは返金処理させていただきます。・傷や汚れなどの外観不良や消耗品は保証の対象となりません。・不適合商品の返品はできませんのでよくご確認の上、お求めください。・納品後のサポートは、保障期間内の動作不良のみの対応とさせて頂きます。・技術的なサポートや、お客様でインストールされたソフトウェア、お客様で取り付けた周辺機器のサポートは致しておりません。             発送方法・送料        主に佐川急便の利用とさせていただきます。（ご指定できません）・送料⇒本州・四国・九州￥800　 北海道￥1,200　沖縄・離島￥1,500・紛失や保証など考慮し、メール便などでの発送は行っておりません。・元払いのみとさせていただきます。着払いは行っておりません。・本商品は送料そのままで同梱できますので他の商品も是非ご覧下さい。（1週間以内、取置きOK）・送料には梱包料が含まれております。・到着日・時間帯指定ができますので落札後ご連絡ください。・指定できる時間帯　午前中　12～14時　14～16時　16～18時　18～21時⇒ECOMAXの出品商品を見る！        会社案内                                        パソコンのことでお困りならお気軽にご相談ください。業界No.1の低価格を実現！宅急便利用により全国対応しております！                          店舗では、格安な中古パソコンをたくさん展示しております。見て触って、納得のいくパソコンをお求めいただけます。また、全国発送も承っておりますので、お気軽にお問い合わせください。                                            ホームページはこちら！　⇒                                   ECOMAX　WEBサイト                      http://www.ecomax-t.jp                                            会社名          株式会社ECOMAX                                                            住所          〒933-0946富山県高岡市昭和町二丁目1－21                                      TEL          0766－73－6745　（FAX共通）                                      営業時間          9:00～20:00　（年中無休）                                      古物商許可番号          富山県公安委員会501230008157                                      E-mail          ecomax@flashsozai.com                                      WEB          http://www.ecomax-t.jp                                      業務内容          パソコン修理／データ復旧／メンテナンス／             中古パソコン販売／中古パーツ販売／ 各種ソフトウェア販売／ハードディスクデータ消去／         パソコン買取 "
